id;company_user_id;username;password;email;phone_number;first_name;last_name;job_title;status
1;22464;but tear;till copy dry;Larue85@yahoo.com;instead bleakly;Shania;Gorczany;Investor Communications Architect;2569
2;26398;who quarrelsomely;barring athwart;Idella_Corkery@yahoo.com;insubstantial prance;Larry;Ledner;Legacy Response Strategist;16249
3;30817;mirror and for;likewise gracefully nobble;Alexa_Jacobs98@hotmail.com;or parch see;Bernadette;Crist;National Identity Analyst;12275
4;31781;aggravating gosh brandish;funny little;Marina_Koelpin@hotmail.com;indeed idle;Alvena;Mertz-Cremin;Internal Intranet Liaison;27007
5;14546;fooey;blushing koala;Lizzie_Ortiz@yahoo.com;yahoo;Schuyler;Franecki;Direct Functionality Architect;29377
6;12018;reconcile sleepily pro;sports meanwhile;Elenora.Tillman38@hotmail.com;popularise pavement;Jerod;Brown;District Tactics Orchestrator;17451
7;13518;reply nuke;incidentally;Dolly_Cummings@hotmail.com;absent onto which;Luisa;Breitenberg;Dynamic Interactions Director;26545
8;5752;till hence bibliography;reoffend;Jarred84@hotmail.com;coaxingly;Grady;MacGyver-Effertz;Central Interactions Designer;24754
9;16725;married pipe consensus;branch;Howard.Kilback@gmail.com;dad solidly uselessly;Sophia;Herman;Product Operations Specialist;27930
10;15631;where since;versus embellished;Diana53@gmail.com;ew;Norene;Rowe;Principal Assurance Consultant;15541
